timestamp,operation,username,message_size_chars,message_size_bytes,time,success,test_type,scenario
2025-09-16T08:45:15.180993,sign,alexandro,18,19,0.06223322528267788,True,real_chat_usage,real_user
2025-09-16T08:45:16.071993,verify,carlos,18,19,0.0009581016905148144,True,real_chat_usage,real_user
2025-09-16T08:45:15.398993,verify,eric,18,19,0.0009581016905148144,True,real_chat_usage,real_user
2025-09-16T08:46:15.180993,sign,carlos,21,22,0.08223747241028238,True,real_chat_usage,real_user
2025-09-16T08:46:16.104993,verify,alexandro,21,22,0.0017818070543492374,True,real_chat_usage,real_user
2025-09-16T08:51:15.180993,sign,eric,31,31,0.06969410931818387,True,real_chat_usage,real_user
2025-09-16T08:51:15.774993,verify,carlos,31,31,0.0010250705250973364,True,real_chat_usage,real_user
2025-09-16T08:57:15.180993,sign,carlos,56,59,0.1275168242192373,True,real_chat_usage,real_user
2025-09-16T08:57:15.492993,verify,eric,56,59,0.0009867448470047512,True,real_chat_usage,real_user
2025-09-16T08:57:15.180993,sign,eric,39,42,0.1105012722869822,True,real_chat_usage,real_user
2025-09-16T08:57:15.988993,verify,carlos,39,42,0.001803527508018061,True,real_chat_usage,real_user
2025-09-16T08:57:15.403993,verify,alexandro,39,42,0.001803527508018061,True,real_chat_usage,real_user
2025-09-16T09:10:15.180993,sign,alexandro,16,16,0.03725592856912941,True,real_chat_usage,real_user
2025-09-16T09:10:15.453993,verify,carlos,16,16,0.001259873737518332,True,real_chat_usage,real_user
2025-09-16T09:10:15.843993,verify,eric,16,16,0.001259873737518332,True,real_chat_usage,real_user
2025-09-16T09:15:15.180993,sign,carlos,16,16,0.07711354831259996,True,real_chat_usage,real_user
2025-09-16T09:15:15.611993,verify,eric,16,16,0.0013154227780931508,True,real_chat_usage,real_user
2025-09-16T09:15:16.178993,verify,alexandro,16,16,0.0013154227780931508,True,real_chat_usage,real_user
2025-09-16T09:06:15.180993,sign,carlos,21,21,0.08448608222502431,True,real_chat_usage,real_user
2025-09-16T09:06:16.071993,verify,alexandro,21,21,0.0018698808727574457,True,real_chat_usage,real_user
2025-09-16T09:01:15.180993,sign,carlos,16,17,0.07174931946094237,True,real_chat_usage,real_user
2025-09-16T09:01:15.311993,verify,alexandro,16,17,0.0006539092427391882,True,real_chat_usage,real_user
2025-09-16T09:21:15.180993,sign,eric,25,26,0.03324024967809108,True,real_chat_usage,real_user
2025-09-16T09:21:15.286993,verify,carlos,25,26,0.0005160819677277829,True,real_chat_usage,real_user
2025-09-16T09:21:15.770993,verify,alexandro,25,26,0.0005160819677277829,True,real_chat_usage,real_user
2025-09-16T09:25:15.180993,sign,alexandro,16,17,0.07523587472080227,True,real_chat_usage,real_user
2025-09-16T09:25:15.829993,verify,carlos,16,17,0.0007896325625679425,True,real_chat_usage,real_user
2025-09-16T09:25:15.791993,verify,eric,16,17,0.0007896325625679425,True,real_chat_usage,real_user
2025-09-16T07:45:15.180993,sign,alexandro,17,19,0.06336029017848288,True,real_chat_usage,real_user
2025-09-16T07:45:15.658993,verify,carlos,17,19,0.0007952793837915548,True,real_chat_usage,real_user
2025-09-16T07:50:15.180993,sign,alexandro,23,23,0.06207253176300072,True,real_chat_usage,real_user
2025-09-16T07:50:15.607993,verify,carlos,23,23,0.0010996350989822602,True,real_chat_usage,real_user
2025-09-16T07:50:15.890993,verify,eric,23,23,0.0010996350989822602,True,real_chat_usage,real_user
2025-09-16T07:47:15.180993,sign,carlos,34,35,0.08538437760162883,True,real_chat_usage,real_user
2025-09-16T07:47:16.165993,verify,eric,34,35,0.0009216293130560805,True,real_chat_usage,real_user
2025-09-16T07:47:15.364993,verify,alexandro,34,35,0.0009216293130560805,True,real_chat_usage,real_user
2025-09-16T08:00:15.180993,sign,alexandro,16,16,0.07516278463950957,True,real_chat_usage,real_user
2025-09-16T08:00:15.769993,verify,carlos,16,16,0.0009505336593635596,True,real_chat_usage,real_user
2025-09-16T08:00:15.513993,verify,eric,16,16,0.0009505336593635596,True,real_chat_usage,real_user
2025-09-16T07:57:15.180993,sign,carlos,16,17,0.059782435178986015,True,real_chat_usage,real_user
2025-09-16T07:57:15.428993,verify,eric,16,17,0.0014164073526975781,True,real_chat_usage,real_user
2025-09-16T07:57:15.845993,verify,alexandro,16,17,0.0014164073526975781,True,real_chat_usage,real_user
2025-09-16T07:55:15.180993,sign,eric,16,17,0.01,True,real_chat_usage,real_user
2025-09-16T07:55:15.990993,verify,carlos,16,17,0.0009170796738712799,True,real_chat_usage,real_user
2025-09-16T07:55:15.507993,verify,alexandro,16,17,0.0009170796738712799,True,real_chat_usage,real_user
2025-09-16T07:51:15.180993,sign,eric,36,37,0.11519119412990886,True,real_chat_usage,real_user
2025-09-16T07:51:15.657993,verify,alexandro,36,37,0.001689425288075985,True,real_chat_usage,real_user
2025-09-16T07:59:15.180993,sign,carlos,12,13,0.08869831668909127,True,real_chat_usage,real_user
2025-09-16T07:59:15.646993,verify,alexandro,12,13,0.0010954640736333856,True,real_chat_usage,real_user
2025-09-16T08:01:15.180993,sign,alexandro,40,41,0.07002999212070524,True,real_chat_usage,real_user
2025-09-16T08:01:15.374993,verify,carlos,40,41,0.000605790817931883,True,real_chat_usage,real_user
2025-09-16T08:01:15.865993,verify,eric,40,41,0.000605790817931883,True,real_chat_usage,real_user
2025-09-16T08:12:15.180993,sign,eric,9,9,0.05584502841692881,True,real_chat_usage,real_user
2025-09-16T08:12:16.147993,verify,alexandro,9,9,0.0006498486879241675,True,real_chat_usage,real_user
2025-09-16T08:35:15.180993,sign,alexandro,27,28,0.05455525776011088,True,real_chat_usage,real_user
2025-09-16T08:35:15.381993,verify,carlos,27,28,0.0014542296800923058,True,real_chat_usage,real_user
2025-09-16T08:35:15.842993,verify,eric,27,28,0.0014542296800923058,True,real_chat_usage,real_user
2025-09-16T08:40:15.180993,sign,carlos,21,21,0.02522880317542653,True,real_chat_usage,real_user
2025-09-16T08:40:16.173993,verify,alexandro,21,21,0.000743964196187985,True,real_chat_usage,real_user
2025-09-16T08:33:15.180993,sign,eric,16,16,0.07508225894010107,True,real_chat_usage,real_user
2025-09-16T08:33:15.764993,verify,carlos,16,16,0.0007272741580553951,True,real_chat_usage,real_user
2025-09-16T08:33:15.897993,verify,alexandro,16,16,0.0007272741580553951,True,real_chat_usage,real_user
2025-09-16T08:24:15.180993,sign,eric,16,16,0.07487300078628499,True,real_chat_usage,real_user
2025-09-16T08:24:16.095993,verify,carlos,16,16,0.001133064722891965,True,real_chat_usage,real_user
2025-09-17T15:45:15.180993,sign,alexandro,44,46,0.10100217376218391,True,real_chat_usage,real_user
2025-09-17T15:45:15.982993,verify,carlos,44,46,0.0010110649860918686,True,real_chat_usage,real_user
2025-09-17T15:45:15.898993,verify,eric,44,46,0.0010110649860918686,True,real_chat_usage,real_user
2025-09-17T15:49:15.180993,sign,carlos,28,28,0.05993547680573498,True,real_chat_usage,real_user
2025-09-17T15:49:15.717993,verify,eric,28,28,0.0009087897832294068,True,real_chat_usage,real_user
2025-09-17T15:49:15.778993,verify,alexandro,28,28,0.0009087897832294068,True,real_chat_usage,real_user
2025-09-17T15:53:15.180993,sign,eric,23,24,0.05013309611758042,True,real_chat_usage,real_user
2025-09-17T15:53:15.964993,verify,alexandro,23,24,0.001955645986829388,True,real_chat_usage,real_user
2025-09-17T16:00:15.180993,sign,alexandro,28,28,0.06186880790406494,True,real_chat_usage,real_user
2025-09-17T15:53:15.180993,sign,eric,16,17,0.05896357004165893,True,real_chat_usage,real_user
2025-09-17T16:00:15.180993,sign,carlos,16,17,0.09569897450438855,True,real_chat_usage,real_user
2025-09-17T16:00:15.791993,verify,eric,16,17,0.0005785412971173207,True,real_chat_usage,real_user
2025-09-17T16:09:15.180993,sign,alexandro,14,14,0.061399121541058324,True,real_chat_usage,real_user
2025-09-17T16:09:15.526993,verify,eric,14,14,0.0008048372416901791,True,real_chat_usage,real_user
2025-09-17T16:13:15.180993,sign,eric,43,44,0.11882959046727623,True,real_chat_usage,real_user
2025-09-17T16:13:16.144993,verify,carlos,43,44,0.001414633133029687,True,real_chat_usage,real_user
2025-09-17T16:13:15.555993,verify,alexandro,43,44,0.001414633133029687,True,real_chat_usage,real_user
2025-09-17T16:25:15.180993,sign,alexandro,47,48,0.09429851436810524,True,real_chat_usage,real_user
2025-09-17T16:25:16.172993,verify,carlos,47,48,0.0019397070913791986,True,real_chat_usage,real_user
2025-09-17T16:25:15.824993,verify,eric,47,48,0.0019397070913791986,True,real_chat_usage,real_user
2025-09-17T08:45:15.180993,sign,alexandro,35,36,0.11493612571992373,True,real_chat_usage,real_user
2025-09-17T08:45:16.020993,verify,carlos,35,36,0.0010607172622215002,True,real_chat_usage,real_user
2025-09-17T08:45:16.141993,verify,eric,35,36,0.0010607172622215002,True,real_chat_usage,real_user
2025-09-17T08:50:15.180993,sign,carlos,27,28,0.10145917753077915,True,real_chat_usage,real_user
2025-09-17T08:50:15.650993,verify,alexandro,27,28,0.0011676057262451547,True,real_chat_usage,real_user
2025-09-17T08:53:15.180993,sign,carlos,23,25,0.07426630672069882,True,real_chat_usage,real_user
2025-09-17T08:53:16.041993,verify,alexandro,23,25,0.0017106680574835225,True,real_chat_usage,real_user
2025-09-17T09:00:15.180993,sign,carlos,32,34,0.06837425806445607,True,real_chat_usage,real_user
2025-09-17T09:00:16.145993,verify,eric,32,34,0.0013741771729007897,True,real_chat_usage,real_user
2025-09-17T09:05:15.180993,sign,carlos,20,20,0.07366414769474103,True,real_chat_usage,real_user
2025-09-17T09:05:15.601993,verify,eric,20,20,0.0015858343492971137,True,real_chat_usage,real_user
2025-09-17T09:05:15.180993,sign,carlos,16,17,0.07841500443883005,True,real_chat_usage,real_user
2025-09-17T09:05:15.759993,verify,eric,16,17,0.0014275554781369676,True,real_chat_usage,real_user
2025-09-17T08:51:15.180993,sign,eric,16,17,0.030328576296144653,True,real_chat_usage,real_user
2025-09-17T08:51:16.152993,verify,alexandro,16,17,0.0008845864783978072,True,real_chat_usage,real_user
2025-09-17T09:13:15.180993,sign,eric,27,28,0.05591823990258702,True,real_chat_usage,real_user
2025-09-17T09:13:16.049993,verify,carlos,27,28,0.000869333981310305,True,real_chat_usage,real_user
2025-09-17T09:13:15.908993,verify,alexandro,27,28,0.000869333981310305,True,real_chat_usage,real_user
2025-09-17T09:01:15.180993,sign,alexandro,17,17,0.079302826950348,True,real_chat_usage,real_user
2025-09-17T09:01:15.605993,verify,eric,17,17,0.0013595571160997144,True,real_chat_usage,real_user
2025-09-17T09:30:15.180993,sign,eric,30,31,0.0803022438685537,True,real_chat_usage,real_user
2025-09-17T09:30:15.525993,verify,alexandro,30,31,0.0016050245651815474,True,real_chat_usage,real_user
2025-09-17T09:35:15.180993,sign,carlos,16,17,0.03056195606522983,True,real_chat_usage,real_user
2025-09-17T09:35:15.761993,verify,eric,16,17,0.0006719601122117658,True,real_chat_usage,real_user
2025-09-17T09:07:15.180993,sign,alexandro,23,23,0.08583295764389991,True,real_chat_usage,real_user
2025-09-17T09:07:15.669993,verify,eric,23,23,0.0010256192313680156,True,real_chat_usage,real_user
2025-09-17T13:45:15.180993,sign,carlos,20,20,0.04329481792791169,True,real_chat_usage,real_user
2025-09-17T13:45:15.579993,verify,eric,20,20,0.0005522940587877796,True,real_chat_usage,real_user
2025-09-17T13:45:15.815993,verify,alexandro,20,20,0.0005522940587877796,True,real_chat_usage,real_user
2025-09-17T13:47:15.180993,sign,eric,35,35,0.10062285071655908,True,real_chat_usage,real_user
2025-09-17T13:47:15.781993,verify,alexandro,35,35,0.0008780067807114898,True,real_chat_usage,real_user
2025-09-17T13:47:15.180993,sign,alexandro,32,34,0.06772123588493867,True,real_chat_usage,real_user
2025-09-17T13:47:16.135993,verify,eric,32,34,0.001979778151133961,True,real_chat_usage,real_user
2025-09-17T13:57:15.180993,sign,alexandro,20,20,0.06174949224029864,True,real_chat_usage,real_user
2025-09-17T13:57:15.526993,verify,carlos,20,20,0.0015125119574112963,True,real_chat_usage,real_user
2025-09-17T13:57:16.091993,verify,eric,20,20,0.0015125119574112963,True,real_chat_usage,real_user
2025-09-17T13:49:15.180993,sign,carlos,16,17,0.03311883605194905,True,real_chat_usage,real_user
2025-09-17T14:05:15.180993,sign,carlos,17,19,0.07628942819503907,True,real_chat_usage,real_user
2025-09-17T14:05:16.001993,verify,eric,17,19,0.0019622071108333873,True,real_chat_usage,real_user
2025-09-17T14:05:16.040993,verify,alexandro,17,19,0.0019622071108333873,True,real_chat_usage,real_user
2025-09-17T14:03:15.180993,sign,carlos,47,47,0.09136409297969572,True,real_chat_usage,real_user
2025-09-17T14:03:15.986993,verify,eric,47,47,0.0005275198390264125,True,real_chat_usage,real_user
2025-09-17T14:03:15.556993,verify,alexandro,47,47,0.0005275198390264125,True,real_chat_usage,real_user
2025-09-17T13:59:15.180993,sign,eric,39,39,0.10881578959322397,True,real_chat_usage,real_user
2025-09-17T14:09:15.180993,sign,eric,46,49,0.11596588873558918,True,real_chat_usage,real_user
2025-09-17T14:09:15.788993,verify,alexandro,46,49,0.0006032464926817863,True,real_chat_usage,real_user
2025-09-17T14:03:15.180993,sign,alexandro,41,42,0.0957367738284809,True,real_chat_usage,real_user
2025-09-17T14:03:15.927993,verify,carlos,41,42,0.001704995469607577,True,real_chat_usage,real_user
2025-09-17T14:03:15.389993,verify,eric,41,42,0.001704995469607577,True,real_chat_usage,real_user
2025-09-17T14:35:15.180993,sign,alexandro,16,17,0.05595054127533501,True,real_chat_usage,real_user
2025-09-17T14:35:15.519993,verify,eric,16,17,0.0006831129860913026,True,real_chat_usage,real_user
2025-09-17T14:40:15.180993,sign,alexandro,16,16,0.03828123553016166,True,real_chat_usage,real_user
2025-09-17T14:40:15.408993,verify,carlos,16,16,0.0006787873527529703,True,real_chat_usage,real_user
2025-09-17T14:40:15.751993,verify,eric,16,16,0.0006787873527529703,True,real_chat_usage,real_user
2025-09-17T13:57:15.180993,sign,carlos,18,19,0.08591498256756055,True,real_chat_usage,real_user
2025-09-17T13:57:15.823993,verify,eric,18,19,0.0012824026796143854,True,real_chat_usage,real_user
2025-09-17T13:57:15.294993,verify,alexandro,18,19,0.0012824026796143854,True,real_chat_usage,real_user
2025-09-18T10:45:15.180993,sign,eric,58,63,0.09040016304714055,True,real_chat_usage,real_user
2025-09-18T10:50:15.180993,sign,alexandro,26,28,0.06088579591107318,True,real_chat_usage,real_user
2025-09-18T10:55:15.180993,sign,carlos,23,25,0.06574681431044443,True,real_chat_usage,real_user
2025-09-18T10:55:15.947993,verify,eric,23,25,0.0017843836904139947,True,real_chat_usage,real_user
2025-09-18T10:55:16.021993,verify,alexandro,23,25,0.0017843836904139947,True,real_chat_usage,real_user
2025-09-18T11:00:15.180993,sign,eric,35,35,0.06548499381912186,True,real_chat_usage,real_user
2025-09-18T11:00:15.960993,verify,carlos,35,35,0.0019815239656478644,True,real_chat_usage,real_user
2025-09-18T11:00:15.666993,verify,alexandro,35,35,0.0019815239656478644,True,real_chat_usage,real_user
2025-09-18T11:01:15.180993,sign,eric,24,24,0.06801756003172235,True,real_chat_usage,real_user
2025-09-18T11:01:15.895993,verify,carlos,24,24,0.0009771202662598323,True,real_chat_usage,real_user
2025-09-18T10:50:15.180993,sign,alexandro,28,28,0.08047456903902736,True,real_chat_usage,real_user
2025-09-18T10:50:15.336993,verify,carlos,28,28,0.0011701493057207956,True,real_chat_usage,real_user
2025-09-18T10:50:16.036993,verify,eric,28,28,0.0011701493057207956,True,real_chat_usage,real_user
2025-09-18T11:03:15.180993,sign,eric,17,19,0.06628159855801913,True,real_chat_usage,real_user
2025-09-18T11:03:16.179993,verify,carlos,17,19,0.0009585117799475403,True,real_chat_usage,real_user
2025-09-18T11:13:15.180993,sign,alexandro,15,15,0.0634291220065443,True,real_chat_usage,real_user
2025-09-18T11:13:15.647993,verify,carlos,15,15,0.0019121494617860774,True,real_chat_usage,real_user
2025-09-18T11:13:15.424993,verify,eric,15,15,0.0019121494617860774,True,real_chat_usage,real_user
2025-09-18T11:17:15.180993,sign,carlos,23,25,0.05188443395223799,True,real_chat_usage,real_user
2025-09-18T11:17:15.735993,verify,eric,23,25,0.0006031263882324039,True,real_chat_usage,real_user
2025-09-18T11:17:15.601993,verify,alexandro,23,25,0.0006031263882324039,True,real_chat_usage,real_user
2025-09-18T10:54:15.180993,sign,alexandro,41,44,0.0947573281504206,True,real_chat_usage,real_user
2025-09-18T10:54:15.958993,verify,carlos,41,44,0.0014669865552277251,True,real_chat_usage,real_user
2025-09-18T10:54:15.606993,verify,eric,41,44,0.0014669865552277251,True,real_chat_usage,real_user
2025-09-18T10:55:15.180993,sign,carlos,39,39,0.11231765145583153,True,real_chat_usage,real_user
2025-09-18T10:55:15.683993,verify,eric,39,39,0.0009736574014306855,True,real_chat_usage,real_user
2025-09-18T10:55:16.139993,verify,alexandro,39,39,0.0009736574014306855,True,real_chat_usage,real_user
2025-09-18T11:18:15.180993,sign,carlos,33,34,0.05260139454577506,True,real_chat_usage,real_user
2025-09-18T11:18:16.154993,verify,eric,33,34,0.0018723173947506244,True,real_chat_usage,real_user
2025-09-18T11:18:15.635993,verify,alexandro,33,34,0.0018723173947506244,True,real_chat_usage,real_user
2025-09-18T11:45:15.180993,sign,alexandro,9,9,0.02794721023979948,True,real_chat_usage,real_user
2025-09-18T11:45:15.816993,verify,carlos,9,9,0.0005065934984973295,True,real_chat_usage,real_user
2025-09-18T11:45:16.105993,verify,eric,9,9,0.0005065934984973295,True,real_chat_usage,real_user
2025-09-18T12:45:15.180993,sign,carlos,33,34,0.10412898736402094,True,real_chat_usage,real_user
2025-09-18T12:45:15.937993,verify,eric,33,34,0.0018509548148856016,True,real_chat_usage,real_user
2025-09-18T12:45:15.440993,verify,alexandro,33,34,0.0018509548148856016,True,real_chat_usage,real_user
2025-09-18T12:49:15.180993,sign,carlos,17,17,0.06596851230538339,True,real_chat_usage,real_user
2025-09-18T12:49:15.677993,verify,eric,17,17,0.001013554126622143,True,real_chat_usage,real_user
2025-09-18T12:49:16.051993,verify,alexandro,17,17,0.001013554126622143,True,real_chat_usage,real_user
2025-09-18T12:55:15.180993,sign,alexandro,29,31,0.044447281641804316,True,real_chat_usage,real_user
2025-09-18T12:55:15.695993,verify,carlos,29,31,0.0015458378309879278,True,real_chat_usage,real_user
2025-09-18T12:55:15.584993,verify,eric,29,31,0.0015458378309879278,True,real_chat_usage,real_user
2025-09-18T12:54:15.180993,sign,carlos,20,20,0.07270147579677198,True,real_chat_usage,real_user
2025-09-18T12:54:16.139993,verify,eric,20,20,0.0013396713014699837,True,real_chat_usage,real_user
2025-09-18T12:53:15.180993,sign,alexandro,16,17,0.06143950940889288,True,real_chat_usage,real_user
2025-09-18T12:53:15.618993,verify,carlos,16,17,0.001373629671690248,True,real_chat_usage,real_user
2025-09-18T12:53:15.890993,verify,eric,16,17,0.001373629671690248,True,real_chat_usage,real_user
2025-09-18T12:50:15.180993,sign,alexandro,11,13,0.03367245617796692,True,real_chat_usage,real_user
2025-09-18T12:50:15.823993,verify,eric,11,13,0.0009073408928793451,True,real_chat_usage,real_user
2025-09-18T12:57:15.180993,sign,alexandro,41,42,0.064097964493675,True,real_chat_usage,real_user
2025-09-18T12:57:15.809993,verify,carlos,41,42,0.0006819047744714058,True,real_chat_usage,real_user
2025-09-18T12:57:16.132993,verify,eric,41,42,0.0006819047744714058,True,real_chat_usage,real_user
2025-09-18T13:13:15.180993,sign,carlos,28,28,0.09830765112980341,True,real_chat_usage,real_user
2025-09-18T13:13:15.317993,verify,eric,28,28,0.0014168614489085732,True,real_chat_usage,real_user
2025-09-18T13:13:15.510993,verify,alexandro,28,28,0.0014168614489085732,True,real_chat_usage,real_user
2025-09-18T13:01:15.180993,sign,carlos,32,34,0.058776737724298755,True,real_chat_usage,real_user
2025-09-18T13:01:15.859993,verify,eric,32,34,0.0011008662651883787,True,real_chat_usage,real_user
2025-09-18T13:21:15.180993,sign,alexandro,47,47,0.11848289549824145,True,real_chat_usage,real_user
2025-09-18T13:21:15.765993,verify,carlos,47,47,0.001219401034249335,True,real_chat_usage,real_user
2025-09-18T13:21:16.113993,verify,eric,47,47,0.001219401034249335,True,real_chat_usage,real_user
2025-09-18T13:25:15.180993,sign,carlos,16,17,0.07897751546796088,True,real_chat_usage,real_user
2025-09-18T13:25:15.752993,verify,alexandro,16,17,0.00119709764071499,True,real_chat_usage,real_user
2025-09-18T13:29:15.180993,sign,eric,22,24,0.09788724994314374,True,real_chat_usage,real_user
2025-09-18T13:29:15.973993,verify,alexandro,22,24,0.0005860684513464343,True,real_chat_usage,real_user
2025-09-18T13:45:15.180993,sign,eric,17,17,0.06721021667564163,True,real_chat_usage,real_user
2025-09-18T13:45:15.547993,verify,carlos,17,17,0.001963961824270936,True,real_chat_usage,real_user
2025-09-19T13:45:15.180993,sign,alexandro,25,26,0.05824741836436684,True,real_chat_usage,real_user
2025-09-19T13:45:15.841993,verify,carlos,25,26,0.0018195022641268144,True,real_chat_usage,real_user
2025-09-19T13:45:15.398993,verify,eric,25,26,0.0018195022641268144,True,real_chat_usage,real_user
2025-09-19T13:47:15.180993,sign,alexandro,28,29,0.10608621739894178,True,real_chat_usage,real_user
2025-09-19T13:47:16.079993,verify,carlos,28,29,0.0018628987942253458,True,real_chat_usage,real_user
2025-09-19T13:47:15.947993,verify,eric,28,29,0.0018628987942253458,True,real_chat_usage,real_user
2025-09-19T13:49:15.180993,sign,eric,28,29,0.06374928125802044,True,real_chat_usage,real_user
2025-09-19T13:49:15.576993,verify,alexandro,28,29,0.000632065652738641,True,real_chat_usage,real_user
2025-09-19T13:57:15.180993,sign,alexandro,21,21,0.05860355830608904,True,real_chat_usage,real_user
2025-09-19T13:57:16.036993,verify,carlos,21,21,0.0006859124449359173,True,real_chat_usage,real_user
2025-09-19T13:57:15.332993,verify,eric,21,21,0.0006859124449359173,True,real_chat_usage,real_user
2025-09-19T14:01:15.180993,sign,carlos,31,32,0.10180098865535576,True,real_chat_usage,real_user
2025-09-19T14:01:15.740993,verify,eric,31,32,0.001882051983203252,True,real_chat_usage,real_user
2025-09-19T14:01:15.298993,verify,alexandro,31,32,0.001882051983203252,True,real_chat_usage,real_user
2025-09-19T14:05:15.180993,sign,alexandro,23,25,0.09801281181384745,True,real_chat_usage,real_user
2025-09-19T14:05:15.569993,verify,eric,23,25,0.001778450702083826,True,real_chat_usage,real_user
2025-09-19T13:51:15.180993,sign,carlos,25,26,0.0369141475507971,True,real_chat_usage,real_user
2025-09-19T13:51:16.020993,verify,alexandro,25,26,0.0016637636090321179,True,real_chat_usage,real_user
2025-09-19T14:13:15.180993,sign,eric,39,42,0.11039198512560058,True,real_chat_usage,real_user
2025-09-19T14:13:15.399993,verify,alexandro,39,42,0.001238401440808443,True,real_chat_usage,real_user
2025-09-19T14:25:15.180993,sign,alexandro,36,36,0.08530206212030066,True,real_chat_usage,real_user
2025-09-19T14:25:15.583993,verify,carlos,36,36,0.0016439260389920281,True,real_chat_usage,real_user
2025-09-19T14:25:16.053993,verify,eric,36,36,0.0016439260389920281,True,real_chat_usage,real_user
2025-09-19T14:30:15.180993,sign,alexandro,16,16,0.08165094753287948,True,real_chat_usage,real_user
2025-09-19T14:30:15.787993,verify,carlos,16,16,0.0018533555520698262,True,real_chat_usage,real_user
2025-09-19T14:30:15.303993,verify,eric,16,16,0.0018533555520698262,True,real_chat_usage,real_user
2025-09-19T15:45:15.180993,sign,eric,21,21,0.07459363370157746,True,real_chat_usage,real_user
2025-09-19T15:45:15.456993,verify,carlos,21,21,0.0006171482321121507,True,real_chat_usage,real_user
2025-09-19T15:47:15.180993,sign,eric,15,16,0.05881058569029822,True,real_chat_usage,real_user
2025-09-19T15:47:16.145993,verify,carlos,15,16,0.001276864898597017,True,real_chat_usage,real_user
2025-09-19T15:47:15.513993,verify,alexandro,15,16,0.001276864898597017,True,real_chat_usage,real_user
2025-09-19T15:55:15.180993,sign,alexandro,23,25,0.07222993664643412,True,real_chat_usage,real_user
2025-09-19T15:55:15.984993,verify,eric,23,25,0.0012699508204453876,True,real_chat_usage,real_user
2025-09-19T16:00:15.180993,sign,eric,28,28,0.065367897396736,True,real_chat_usage,real_user
2025-09-19T16:00:16.132993,verify,alexandro,28,28,0.0018630377540723275,True,real_chat_usage,real_user
2025-09-19T16:01:15.180993,sign,carlos,31,32,0.08256924461214624,True,real_chat_usage,real_user
2025-09-19T16:01:15.615993,verify,eric,31,32,0.0007803279606755412,True,real_chat_usage,real_user
2025-09-19T16:01:15.866993,verify,alexandro,31,32,0.0007803279606755412,True,real_chat_usage,real_user
2025-09-19T15:55:15.180993,sign,alexandro,50,50,0.0687580252928892,True,real_chat_usage,real_user
2025-09-19T15:55:16.001993,verify,carlos,50,50,0.00143629666817512,True,real_chat_usage,real_user
2025-09-19T15:55:15.753993,verify,eric,50,50,0.00143629666817512,True,real_chat_usage,real_user
2025-09-19T16:03:15.180993,sign,carlos,41,43,0.09610765271343165,True,real_chat_usage,real_user
2025-09-19T16:13:15.180993,sign,carlos,12,13,0.08732056980212813,True,real_chat_usage,real_user
2025-09-19T16:13:15.406993,verify,alexandro,12,13,0.0011607254475557139,True,real_chat_usage,real_user
2025-09-19T16:17:15.180993,sign,carlos,42,46,0.09908164625605116,True,real_chat_usage,real_user
2025-09-19T16:17:15.443993,verify,eric,42,46,0.0006961051970727964,True,real_chat_usage,real_user
2025-09-19T16:17:15.724993,verify,alexandro,42,46,0.0006961051970727964,True,real_chat_usage,real_user
2025-09-19T16:03:15.180993,sign,alexandro,21,22,0.09631862755609578,True,real_chat_usage,real_user
2025-09-19T16:03:15.424993,verify,carlos,21,22,0.001503415918816093,True,real_chat_usage,real_user
2025-09-19T16:03:16.116993,verify,eric,21,22,0.001503415918816093,True,real_chat_usage,real_user
2025-09-19T16:35:15.180993,sign,eric,17,17,0.08556943165103653,True,real_chat_usage,real_user
2025-09-19T16:35:16.054993,verify,carlos,17,17,0.0017765736195291511,True,real_chat_usage,real_user
2025-09-19T16:35:16.033993,verify,alexandro,17,17,0.0017765736195291511,True,real_chat_usage,real_user
2025-09-19T11:45:15.180993,sign,eric,20,20,0.044245201474291965,True,real_chat_usage,real_user
2025-09-19T11:45:15.323993,verify,carlos,20,20,0.0011368996271136729,True,real_chat_usage,real_user
2025-09-19T11:45:15.304993,verify,alexandro,20,20,0.0011368996271136729,True,real_chat_usage,real_user
2025-09-19T11:48:15.180993,sign,eric,51,53,0.08706048139347904,True,real_chat_usage,real_user
2025-09-19T11:48:15.435993,verify,carlos,51,53,0.0007079223162447159,True,real_chat_usage,real_user
2025-09-19T11:48:15.938993,verify,alexandro,51,53,0.0007079223162447159,True,real_chat_usage,real_user
2025-09-19T11:51:15.180993,sign,alexandro,29,31,0.09216495884200883,True,real_chat_usage,real_user
2025-09-19T11:51:15.947993,verify,carlos,29,31,0.0008399489880242253,True,real_chat_usage,real_user
2025-09-19T11:51:15.412993,verify,eric,29,31,0.0008399489880242253,True,real_chat_usage,real_user
2025-09-19T11:57:15.180993,sign,alexandro,28,28,0.07847073734456735,True,real_chat_usage,real_user
2025-09-19T11:57:15.524993,verify,carlos,28,28,0.0015428557402829934,True,real_chat_usage,real_user
2025-09-19T11:57:15.457993,verify,eric,28,28,0.0015428557402829934,True,real_chat_usage,real_user
2025-09-19T11:57:15.180993,sign,alexandro,16,16,0.04914854608266138,True,real_chat_usage,real_user
2025-09-19T11:57:15.919993,verify,carlos,16,16,0.0007339754352065404,True,real_chat_usage,real_user
2025-09-19T11:50:15.180993,sign,carlos,45,45,0.09002325744467196,True,real_chat_usage,real_user
2025-09-19T11:50:15.764993,verify,alexandro,45,45,0.0019850559909030093,True,real_chat_usage,real_user
2025-09-19T12:09:15.180993,sign,alexandro,41,42,0.07269477071346316,True,real_chat_usage,real_user
2025-09-19T12:09:15.581993,verify,carlos,41,42,0.0008654809834487845,True,real_chat_usage,real_user
2025-09-19T12:09:15.531993,verify,eric,41,42,0.0008654809834487845,True,real_chat_usage,real_user
2025-09-19T12:06:15.180993,sign,eric,41,42,0.08297179938543447,True,real_chat_usage,real_user
2025-09-19T12:06:15.538993,verify,carlos,41,42,0.0017549466617327958,True,real_chat_usage,real_user
2025-09-19T12:06:16.028993,verify,alexandro,41,42,0.0017549466617327958,True,real_chat_usage,real_user
2025-09-19T12:17:15.180993,sign,carlos,16,16,0.10493451756521285,True,real_chat_usage,real_user
2025-09-19T12:17:15.860993,verify,eric,16,16,0.000974587957717552,True,real_chat_usage,real_user
2025-09-19T12:17:16.021993,verify,alexandro,16,16,0.000974587957717552,True,real_chat_usage,real_user
2025-09-19T12:03:15.180993,sign,carlos,30,33,0.07925571568464486,True,real_chat_usage,real_user
2025-09-19T12:03:15.728993,verify,eric,30,33,0.0016886430901408846,True,real_chat_usage,real_user
2025-09-19T12:03:15.434993,verify,alexandro,30,33,0.0016886430901408846,True,real_chat_usage,real_user
2025-09-19T12:15:15.180993,sign,eric,23,23,0.08510240406701497,True,real_chat_usage,real_user
2025-09-19T12:15:16.124993,verify,carlos,23,23,0.000850307209078446,True,real_chat_usage,real_user
2025-09-19T12:15:15.439993,verify,alexandro,23,23,0.000850307209078446,True,real_chat_usage,real_user
2025-09-20T14:45:15.180993,sign,carlos,42,42,0.12265587893820527,True,real_chat_usage,real_user
2025-09-20T14:45:15.474993,verify,eric,42,42,0.0012626606695170847,True,real_chat_usage,real_user
2025-09-20T14:45:15.657993,verify,alexandro,42,42,0.0012626606695170847,True,real_chat_usage,real_user
2025-09-20T14:46:15.180993,sign,eric,28,28,0.09054032845099455,True,real_chat_usage,real_user
2025-09-20T14:46:15.612993,verify,carlos,28,28,0.0011246957912902059,True,real_chat_usage,real_user
2025-09-20T14:53:15.180993,sign,alexandro,23,25,0.10407217093868809,True,real_chat_usage,real_user
2025-09-20T14:54:15.180993,sign,alexandro,35,35,0.07755990096095292,True,real_chat_usage,real_user
2025-09-20T14:54:15.875993,verify,carlos,35,35,0.000712701726646954,True,real_chat_usage,real_user
2025-09-20T14:57:15.180993,sign,eric,31,32,0.06469953860102715,True,real_chat_usage,real_user
2025-09-20T14:57:15.800993,verify,carlos,31,32,0.0017788684124440532,True,real_chat_usage,real_user
2025-09-20T14:57:15.301993,verify,alexandro,31,32,0.0017788684124440532,True,real_chat_usage,real_user
2025-09-20T14:50:15.180993,sign,alexandro,42,45,0.08483737118769055,True,real_chat_usage,real_user
2025-09-20T14:50:15.766993,verify,carlos,42,45,0.000655751746083527,True,real_chat_usage,real_user
2025-09-20T14:57:15.180993,sign,eric,33,34,0.0710584273869355,True,real_chat_usage,real_user
2025-09-20T14:57:16.145993,verify,carlos,33,34,0.0006305690600039043,True,real_chat_usage,real_user
2025-09-20T14:57:15.632993,verify,alexandro,33,34,0.0006305690600039043,True,real_chat_usage,real_user
2025-09-20T15:20:15.180993,sign,eric,21,21,0.06162844897402263,True,real_chat_usage,real_user
2025-09-20T15:20:15.849993,verify,carlos,21,21,0.001847956677031839,True,real_chat_usage,real_user
2025-09-20T15:17:15.180993,sign,alexandro,23,24,0.03558619854410605,True,real_chat_usage,real_user
2025-09-20T15:17:15.902993,verify,carlos,23,24,0.001539643127079856,True,real_chat_usage,real_user
2025-09-20T15:03:15.180993,sign,eric,16,17,0.06017030579951514,True,real_chat_usage,real_user
2025-09-20T15:03:15.729993,verify,carlos,16,17,0.0018219357724273573,True,real_chat_usage,real_user
2025-09-20T15:03:15.533993,verify,alexandro,16,17,0.0018219357724273573,True,real_chat_usage,real_user
2025-09-20T12:45:15.180993,sign,carlos,15,15,0.09392974160345405,True,real_chat_usage,real_user
2025-09-20T12:45:15.906993,verify,alexandro,15,15,0.0014142784621523768,True,real_chat_usage,real_user
2025-09-20T12:47:15.180993,sign,alexandro,31,31,0.04632814188431644,True,real_chat_usage,real_user
2025-09-20T12:47:16.178993,verify,carlos,31,31,0.0008532783062727967,True,real_chat_usage,real_user
2025-09-20T12:47:15.976993,verify,eric,31,31,0.0008532783062727967,True,real_chat_usage,real_user
2025-09-20T12:49:15.180993,sign,carlos,47,49,0.09416877648543703,True,real_chat_usage,real_user
2025-09-20T12:49:15.879993,verify,alexandro,47,49,0.001956380657690271,True,real_chat_usage,real_user
2025-09-20T12:51:15.180993,sign,eric,12,13,0.037491185712092576,True,real_chat_usage,real_user
2025-09-20T12:51:16.171993,verify,carlos,12,13,0.0006383101452477295,True,real_chat_usage,real_user
2025-09-20T12:51:15.927993,verify,alexandro,12,13,0.0006383101452477295,True,real_chat_usage,real_user
2025-09-20T12:49:15.180993,sign,alexandro,28,28,0.09107829731128081,True,real_chat_usage,real_user
2025-09-20T12:49:15.565993,verify,eric,28,28,0.0006368172339001957,True,real_chat_usage,real_user
2025-09-20T12:55:15.180993,sign,carlos,20,20,0.07388852496175125,True,real_chat_usage,real_user
2025-09-20T12:55:15.681993,verify,alexandro,20,20,0.0012840957291953376,True,real_chat_usage,real_user
2025-09-20T12:57:15.180993,sign,eric,15,16,0.07530033574002042,True,real_chat_usage,real_user
2025-09-20T12:57:15.721993,verify,carlos,15,16,0.0005546951587110948,True,real_chat_usage,real_user
2025-09-20T12:57:15.862993,verify,alexandro,15,16,0.0005546951587110948,True,real_chat_usage,real_user
2025-09-20T12:52:15.180993,sign,alexandro,20,20,0.05635807737171151,True,real_chat_usage,real_user
2025-09-20T12:52:15.341993,verify,carlos,20,20,0.0005361561168651431,True,real_chat_usage,real_user
2025-09-20T12:52:15.548993,verify,eric,20,20,0.0005361561168651431,True,real_chat_usage,real_user
2025-09-20T13:25:15.180993,sign,carlos,39,40,0.03698991068368453,True,real_chat_usage,real_user
2025-09-20T13:25:15.845993,verify,eric,39,40,0.0005853939989603257,True,real_chat_usage,real_user
2025-09-20T13:25:15.708993,verify,alexandro,39,40,0.0005853939989603257,True,real_chat_usage,real_user
2025-09-20T12:54:15.180993,sign,eric,23,25,0.04983633323147968,True,real_chat_usage,real_user
2025-09-20T12:54:15.558993,verify,carlos,23,25,0.0009442770433030057,True,real_chat_usage,real_user
2025-09-20T12:54:15.939993,verify,alexandro,23,25,0.0009442770433030057,True,real_chat_usage,real_user
2025-09-20T13:25:15.180993,sign,carlos,12,13,0.07209810348885834,True,real_chat_usage,real_user
2025-09-20T13:25:15.629993,verify,alexandro,12,13,0.00091686747838307,True,real_chat_usage,real_user
2025-09-20T13:45:15.180993,sign,eric,41,42,0.10442534538178802,True,real_chat_usage,real_user
2025-09-20T13:45:15.515993,verify,carlos,41,42,0.0019999319766455213,True,real_chat_usage,real_user
2025-09-20T13:46:15.180993,sign,carlos,22,24,0.07944074776450726,True,real_chat_usage,real_user
2025-09-20T13:46:15.397993,verify,eric,22,24,0.001656421148829382,True,real_chat_usage,real_user
2025-09-20T13:46:15.946993,verify,alexandro,22,24,0.001656421148829382,True,real_chat_usage,real_user
2025-09-20T13:49:15.180993,sign,alexandro,17,17,0.08355507746868818,True,real_chat_usage,real_user
2025-09-20T13:49:15.320993,verify,carlos,17,17,0.0008047319747029778,True,real_chat_usage,real_user
2025-09-20T13:49:16.135993,verify,eric,17,17,0.0008047319747029778,True,real_chat_usage,real_user
2025-09-20T13:54:15.180993,sign,alexandro,31,31,0.09732448054310607,True,real_chat_usage,real_user
2025-09-20T13:54:15.662993,verify,eric,31,31,0.0008239991039754317,True,real_chat_usage,real_user
2025-09-20T13:53:15.180993,sign,alexandro,52,53,0.13292717990600988,True,real_chat_usage,real_user
2025-09-20T13:53:15.493993,verify,eric,52,53,0.0019944662315013913,True,real_chat_usage,real_user
2025-09-20T13:50:15.180993,sign,carlos,48,49,0.07264730716395015,True,real_chat_usage,real_user
2025-09-20T13:50:15.688993,verify,eric,48,49,0.0013829919156544512,True,real_chat_usage,real_user
2025-09-20T14:09:15.180993,sign,carlos,23,23,0.08977754792766032,True,real_chat_usage,real_user
2025-09-20T14:09:15.792993,verify,eric,23,23,0.0011193683144146292,True,real_chat_usage,real_user
2025-09-20T14:09:15.351993,verify,alexandro,23,23,0.0011193683144146292,True,real_chat_usage,real_user
2025-09-20T14:20:15.180993,sign,carlos,31,31,0.06511807315726675,True,real_chat_usage,real_user
2025-09-20T14:20:15.700993,verify,eric,31,31,0.000846923369092229,True,real_chat_usage,real_user
2025-09-20T14:20:15.304993,verify,alexandro,31,31,0.000846923369092229,True,real_chat_usage,real_user
2025-09-20T14:09:15.180993,sign,eric,42,45,0.09490335203423189,True,real_chat_usage,real_user
2025-09-20T14:09:16.104993,verify,carlos,42,45,0.001249452602697357,True,real_chat_usage,real_user
2025-09-20T14:09:15.851993,verify,alexandro,42,45,0.001249452602697357,True,real_chat_usage,real_user
2025-09-20T14:12:15.180993,sign,eric,29,31,0.05548691058406001,True,real_chat_usage,real_user
2025-09-20T14:12:16.040993,verify,carlos,29,31,0.0017309396909744668,True,real_chat_usage,real_user
2025-09-20T14:12:15.693993,verify,alexandro,29,31,0.0017309396909744668,True,real_chat_usage,real_user
2025-09-20T14:15:15.180993,sign,alexandro,33,34,0.10333792096931005,True,real_chat_usage,real_user
2025-09-20T14:15:15.307993,verify,carlos,33,34,0.0017092478973027507,True,real_chat_usage,real_user
2025-09-20T14:15:15.586993,verify,eric,33,34,0.0017092478973027507,True,real_chat_usage,real_user
2025-09-20T13:56:15.180993,sign,alexandro,27,28,0.03229938287055719,True,real_chat_usage,real_user
2025-09-20T13:56:15.396993,verify,carlos,27,28,0.0017592483006745009,True,real_chat_usage,real_user
2025-09-20T13:56:16.130993,verify,eric,27,28,0.0017592483006745009,True,real_chat_usage,real_user
2025-09-20T14:33:15.180993,sign,alexandro,41,43,0.0701761953110659,True,real_chat_usage,real_user
2025-09-20T14:33:15.690993,verify,eric,41,43,0.0007427611787009531,True,real_chat_usage,real_user
2025-09-20T14:37:15.180993,sign,carlos,23,23,0.12481397848230621,True,real_chat_usage,real_user
2025-09-20T10:45:15.180993,sign,alexandro,36,38,0.08270962980856943,True,real_chat_usage,real_user
2025-09-20T10:45:15.583993,verify,carlos,36,38,0.0007309296824818655,True,real_chat_usage,real_user
2025-09-20T10:49:15.180993,sign,alexandro,32,34,0.12023698909798887,True,real_chat_usage,real_user
2025-09-20T10:49:15.432993,verify,carlos,32,34,0.0007992549052092616,True,real_chat_usage,real_user
2025-09-20T10:49:15.842993,verify,eric,32,34,0.0007992549052092616,True,real_chat_usage,real_user
2025-09-20T10:53:15.180993,sign,alexandro,31,32,0.0818604753519873,True,real_chat_usage,real_user
2025-09-20T10:53:15.421993,verify,eric,31,32,0.0014692027173572044,True,real_chat_usage,real_user
2025-09-20T10:54:15.180993,sign,carlos,25,26,0.10206460363668372,True,real_chat_usage,real_user
2025-09-20T11:05:15.180993,sign,carlos,44,46,0.11911256075709489,True,real_chat_usage,real_user
2025-09-20T11:05:15.440993,verify,eric,44,46,0.0015930516021720703,True,real_chat_usage,real_user
2025-09-20T11:05:15.493993,verify,alexandro,44,46,0.0015930516021720703,True,real_chat_usage,real_user
2025-09-20T10:55:15.180993,sign,alexandro,23,25,0.055798284644770324,True,real_chat_usage,real_user
2025-09-20T10:55:15.476993,verify,carlos,23,25,0.001138166117732155,True,real_chat_usage,real_user
2025-09-20T10:55:15.505993,verify,eric,23,25,0.001138166117732155,True,real_chat_usage,real_user
2025-09-20T10:57:15.180993,sign,carlos,18,19,0.0721212158602402,True,real_chat_usage,real_user
2025-09-20T10:57:15.506993,verify,eric,18,19,0.0017004921339375003,True,real_chat_usage,real_user
2025-09-20T10:57:15.904993,verify,alexandro,18,19,0.0017004921339375003,True,real_chat_usage,real_user
2025-09-20T11:20:15.180993,sign,carlos,16,17,0.056010620825605914,True,real_chat_usage,real_user
2025-09-20T11:20:15.991993,verify,eric,16,17,0.0009353791900912397,True,real_chat_usage,real_user
2025-09-20T11:20:15.544993,verify,alexandro,16,17,0.0009353791900912397,True,real_chat_usage,real_user
2025-09-20T10:53:15.180993,sign,carlos,41,43,0.10664814459200694,True,real_chat_usage,real_user
2025-09-20T10:53:15.311993,verify,alexandro,41,43,0.0007923820019679565,True,real_chat_usage,real_user
2025-09-20T11:12:15.180993,sign,eric,43,44,0.0655246024734253,True,real_chat_usage,real_user
2025-09-20T11:12:15.904993,verify,carlos,43,44,0.0016322689600264022,True,real_chat_usage,real_user
2025-09-20T11:12:15.975993,verify,alexandro,43,44,0.0016322689600264022,True,real_chat_usage,real_user
2025-09-20T11:35:15.180993,sign,carlos,44,45,0.07322155073301054,True,real_chat_usage,real_user
2025-09-20T11:35:16.011993,verify,eric,44,45,0.001641109753285547,True,real_chat_usage,real_user
2025-09-21T15:45:15.180993,sign,eric,22,24,0.094717995732104,True,real_chat_usage,real_user
2025-09-21T15:45:15.875993,verify,carlos,22,24,0.0008263699813032268,True,real_chat_usage,real_user
2025-09-21T15:46:15.180993,sign,eric,35,35,0.11415288382598976,True,real_chat_usage,real_user
2025-09-21T15:46:15.580993,verify,carlos,35,35,0.0019174290683922597,True,real_chat_usage,real_user
2025-09-21T15:46:15.395993,verify,alexandro,35,35,0.0019174290683922597,True,real_chat_usage,real_user
2025-09-21T15:51:15.180993,sign,alexandro,32,34,0.08541986323592049,True,real_chat_usage,real_user
2025-09-21T15:51:15.652993,verify,carlos,32,34,0.0005537844712726144,True,real_chat_usage,real_user
2025-09-21T15:51:15.848993,verify,eric,32,34,0.0005537844712726144,True,real_chat_usage,real_user
2025-09-21T15:48:15.180993,sign,eric,20,20,0.040580947766470296,True,real_chat_usage,real_user
2025-09-21T15:48:16.165993,verify,carlos,20,20,0.0017458695413873333,True,real_chat_usage,real_user
2025-09-21T15:48:15.993993,verify,alexandro,20,20,0.0017458695413873333,True,real_chat_usage,real_user
2025-09-21T16:05:15.180993,sign,eric,36,37,0.04500091806255315,True,real_chat_usage,real_user
2025-09-21T16:05:15.914993,verify,carlos,36,37,0.001278146969178354,True,real_chat_usage,real_user
2025-09-21T16:05:15.438993,verify,alexandro,36,37,0.001278146969178354,True,real_chat_usage,real_user
2025-09-21T15:55:15.180993,sign,alexandro,46,49,0.08117116137172317,True,real_chat_usage,real_user
2025-09-21T15:55:15.680993,verify,carlos,46,49,0.001628259181598268,True,real_chat_usage,real_user
2025-09-21T15:51:15.180993,sign,carlos,38,42,0.08246892563791085,True,real_chat_usage,real_user
2025-09-21T15:51:15.982993,verify,alexandro,38,42,0.0009392738376409959,True,real_chat_usage,real_user
2025-09-21T16:06:15.180993,sign,carlos,51,53,0.09858179474725745,True,real_chat_usage,real_user
2025-09-21T16:06:15.601993,verify,eric,51,53,0.0005494812725498495,True,real_chat_usage,real_user
2025-09-21T16:06:15.899993,verify,alexandro,51,53,0.0005494812725498495,True,real_chat_usage,real_user
2025-09-21T15:53:15.180993,sign,eric,16,17,0.0771980298266599,True,real_chat_usage,real_user
2025-09-21T15:53:15.458993,verify,carlos,16,17,0.00163076105574829,True,real_chat_usage,real_user
2025-09-21T15:53:15.412993,verify,alexandro,16,17,0.00163076105574829,True,real_chat_usage,real_user
2025-09-21T16:12:15.180993,sign,carlos,17,19,0.08683478376793163,True,real_chat_usage,real_user
2025-09-21T16:12:15.430993,verify,eric,17,19,0.0017240154833081112,True,real_chat_usage,real_user
2025-09-21T16:12:16.170993,verify,alexandro,17,19,0.0017240154833081112,True,real_chat_usage,real_user
2025-09-21T16:25:15.180993,sign,eric,32,34,0.07572378651874154,True,real_chat_usage,real_user
2025-09-21T16:25:15.500993,verify,carlos,32,34,0.0017790457541127158,True,real_chat_usage,real_user
2025-09-21T16:25:15.856993,verify,alexandro,32,34,0.0017790457541127158,True,real_chat_usage,real_user
2025-09-21T16:18:15.180993,sign,eric,23,25,0.0826355515170625,True,real_chat_usage,real_user
2025-09-21T16:18:15.443993,verify,carlos,23,25,0.0014872241273781027,True,real_chat_usage,real_user
2025-09-21T15:57:15.180993,sign,eric,31,31,0.06869100910228933,True,real_chat_usage,real_user
2025-09-21T15:57:15.703993,verify,carlos,31,31,0.001428987869482477,True,real_chat_usage,real_user
2025-09-21T15:57:16.067993,verify,alexandro,31,31,0.001428987869482477,True,real_chat_usage,real_user
2025-09-21T16:11:15.180993,sign,alexandro,16,17,0.07346759407849195,True,real_chat_usage,real_user
2025-09-21T16:11:15.692993,verify,carlos,16,17,0.0015047169010975441,True,real_chat_usage,real_user
2025-09-21T16:11:15.864993,verify,eric,16,17,0.0015047169010975441,True,real_chat_usage,real_user
2025-09-21T16:41:15.180993,sign,eric,16,16,0.07324937479105022,True,real_chat_usage,real_user
2025-09-21T16:41:15.513993,verify,alexandro,16,16,0.0008019987674034083,True,real_chat_usage,real_user
2025-09-21T15:45:15.180993,sign,alexandro,16,17,0.07110778278163567,True,real_chat_usage,real_user
2025-09-21T15:45:16.147993,verify,carlos,16,17,0.0007407009102610645,True,real_chat_usage,real_user
2025-09-21T15:45:15.463993,verify,eric,16,17,0.0007407009102610645,True,real_chat_usage,real_user
2025-09-21T15:50:15.180993,sign,eric,15,16,0.05393812465205138,True,real_chat_usage,real_user
2025-09-21T15:50:15.914993,verify,carlos,15,16,0.0010424122315673494,True,real_chat_usage,real_user
2025-09-21T15:50:15.822993,verify,alexandro,15,16,0.0010424122315673494,True,real_chat_usage,real_user
2025-09-21T15:53:15.180993,sign,carlos,36,38,0.07469983079637572,True,real_chat_usage,real_user
2025-09-21T15:53:16.002993,verify,eric,36,38,0.00157907425581817,True,real_chat_usage,real_user
2025-09-21T15:53:16.043993,verify,alexandro,36,38,0.00157907425581817,True,real_chat_usage,real_user
2025-09-21T16:00:15.180993,sign,carlos,23,23,0.09337416600405153,True,real_chat_usage,real_user
2025-09-21T16:00:15.673993,verify,eric,23,23,0.0015817570166513674,True,real_chat_usage,real_user
2025-09-21T16:00:15.338993,verify,alexandro,23,23,0.0015817570166513674,True,real_chat_usage,real_user
2025-09-21T15:57:15.180993,sign,eric,30,30,0.07783450931786154,True,real_chat_usage,real_user
2025-09-21T15:57:15.427993,verify,carlos,30,30,0.0017447860207795544,True,real_chat_usage,real_user
2025-09-21T16:10:15.180993,sign,eric,21,22,0.050139082561573775,True,real_chat_usage,real_user
2025-09-21T16:10:15.980993,verify,alexandro,21,22,0.0015244814266632553,True,real_chat_usage,real_user
2025-09-21T16:09:15.180993,sign,eric,29,30,0.0646269930901465,True,real_chat_usage,real_user
2025-09-21T16:09:15.549993,verify,carlos,29,30,0.0016967937803780949,True,real_chat_usage,real_user
2025-09-21T16:09:15.575993,verify,alexandro,29,30,0.0016967937803780949,True,real_chat_usage,real_user
2025-09-21T16:13:15.180993,sign,alexandro,16,16,0.034057814649881,True,real_chat_usage,real_user
2025-09-21T16:13:15.861993,verify,eric,16,16,0.0007911075672026029,True,real_chat_usage,real_user
2025-09-21T16:01:15.180993,sign,eric,11,13,0.0823980169874186,True,real_chat_usage,real_user
2025-09-21T16:01:15.466993,verify,alexandro,11,13,0.0019969833144808384,True,real_chat_usage,real_user
2025-09-21T13:45:15.180993,sign,alexandro,23,24,0.06994890085759298,True,real_chat_usage,real_user
2025-09-21T13:45:15.344993,verify,eric,23,24,0.001796713485230257,True,real_chat_usage,real_user
2025-09-21T13:50:15.180993,sign,carlos,35,35,0.09273661087716413,True,real_chat_usage,real_user
2025-09-21T13:50:15.311993,verify,eric,35,35,0.0016506878049347895,True,real_chat_usage,real_user
2025-09-21T13:50:15.417993,verify,alexandro,35,35,0.0016506878049347895,True,real_chat_usage,real_user
2025-09-21T13:55:15.180993,sign,carlos,24,27,0.07779969909990185,True,real_chat_usage,real_user
2025-09-21T13:55:16.095993,verify,eric,24,27,0.0010852572791073434,True,real_chat_usage,real_user
2025-09-21T13:51:15.180993,sign,eric,28,28,0.056932483311218654,True,real_chat_usage,real_user
2025-09-21T13:51:15.381993,verify,carlos,28,28,0.0013850054499924553,True,real_chat_usage,real_user
2025-09-21T13:51:16.179993,verify,alexandro,28,28,0.0013850054499924553,True,real_chat_usage,real_user
2025-09-21T13:49:15.180993,sign,alexandro,32,32,0.12899713493330683,True,real_chat_usage,real_user
2025-09-21T13:49:15.340993,verify,carlos,32,32,0.0014435213218541697,True,real_chat_usage,real_user
2025-09-21T13:49:15.716993,verify,eric,32,32,0.0014435213218541697,True,real_chat_usage,real_user
2025-09-21T13:55:15.180993,sign,carlos,28,29,0.030355541729558615,True,real_chat_usage,real_user
2025-09-21T13:55:15.863993,verify,eric,28,29,0.0017591675139963232,True,real_chat_usage,real_user
2025-09-21T13:55:15.991993,verify,alexandro,28,29,0.0017591675139963232,True,real_chat_usage,real_user
2025-09-21T14:15:15.180993,sign,carlos,40,42,0.0855534364148897,True,real_chat_usage,real_user
2025-09-21T14:15:15.316993,verify,eric,40,42,0.0019570701793501597,True,real_chat_usage,real_user
2025-09-21T13:52:15.180993,sign,eric,16,17,0.05623647234875034,True,real_chat_usage,real_user
2025-09-21T13:52:15.874993,verify,carlos,16,17,0.000594404754496217,True,real_chat_usage,real_user
2025-09-21T13:52:15.280993,verify,alexandro,16,17,0.000594404754496217,True,real_chat_usage,real_user
2025-09-21T14:01:15.180993,sign,carlos,28,29,0.10195772839349866,True,real_chat_usage,real_user
2025-09-21T14:01:15.499993,verify,eric,28,29,0.00084324745286191,True,real_chat_usage,real_user
2025-09-21T14:01:15.429993,verify,alexandro,28,29,0.00084324745286191,True,real_chat_usage,real_user
2025-09-21T14:30:15.180993,sign,alexandro,23,25,0.05594701023569738,True,real_chat_usage,real_user
2025-09-21T14:30:16.147993,verify,eric,23,25,0.001137294845817709,True,real_chat_usage,real_user
2025-09-21T14:35:15.180993,sign,carlos,30,31,0.11435294257841981,True,real_chat_usage,real_user
2025-09-21T14:35:16.147993,verify,eric,30,31,0.001071087225551057,True,real_chat_usage,real_user
2025-09-21T14:35:15.805993,verify,alexandro,30,31,0.001071087225551057,True,real_chat_usage,real_user
2025-09-21T14:07:15.180993,sign,alexandro,23,25,0.07052748977552359,True,real_chat_usage,real_user
2025-09-21T14:07:15.747993,verify,carlos,23,25,0.0018938810030852632,True,real_chat_usage,real_user
2025-09-21T14:07:15.902993,verify,eric,23,25,0.0018938810030852632,True,real_chat_usage,real_user
2025-09-22T10:45:15.180993,sign,carlos,17,19,0.06840276862424664,True,real_chat_usage,real_user
2025-09-22T10:45:15.343993,verify,eric,17,19,0.0014280631040520023,True,real_chat_usage,real_user
2025-09-22T10:45:15.689993,verify,alexandro,17,19,0.0014280631040520023,True,real_chat_usage,real_user
2025-09-22T10:48:15.180993,sign,carlos,21,21,0.05889398385257084,True,real_chat_usage,real_user
2025-09-22T10:48:16.053993,verify,eric,21,21,0.0018283740246643348,True,real_chat_usage,real_user
2025-09-22T10:48:15.433993,verify,alexandro,21,21,0.0018283740246643348,True,real_chat_usage,real_user
2025-09-22T10:55:15.180993,sign,eric,11,13,0.035066687622198854,True,real_chat_usage,real_user
2025-09-22T10:55:15.482993,verify,carlos,11,13,0.0016318275256843723,True,real_chat_usage,real_user
2025-09-22T10:55:15.902993,verify,alexandro,11,13,0.0016318275256843723,True,real_chat_usage,real_user
2025-09-22T10:48:15.180993,sign,eric,21,21,0.09785864241261588,True,real_chat_usage,real_user
2025-09-22T10:48:16.132993,verify,carlos,21,21,0.0017932709867785749,True,real_chat_usage,real_user
2025-09-22T11:05:15.180993,sign,eric,16,17,0.05981014234678231,True,real_chat_usage,real_user
2025-09-22T11:05:15.364993,verify,alexandro,16,17,0.0006230105569322322,True,real_chat_usage,real_user
2025-09-22T11:05:15.180993,sign,alexandro,20,20,0.08036662514535997,True,real_chat_usage,real_user
2025-09-22T11:05:15.999993,verify,carlos,20,20,0.0013719396986039338,True,real_chat_usage,real_user
2025-09-22T11:09:15.180993,sign,eric,49,54,0.12422842392322936,True,real_chat_usage,real_user
2025-09-22T11:09:15.666993,verify,carlos,49,54,0.0019934118626233665,True,real_chat_usage,real_user
2025-09-22T11:09:15.611993,verify,alexandro,49,54,0.0019934118626233665,True,real_chat_usage,real_user
2025-09-22T10:52:15.180993,sign,eric,33,34,0.07537452318135897,True,real_chat_usage,real_user
2025-09-22T10:52:15.912993,verify,carlos,33,34,0.0013134195253726964,True,real_chat_usage,real_user
2025-09-22T10:52:16.002993,verify,alexandro,33,34,0.0013134195253726964,True,real_chat_usage,real_user
2025-09-22T10:53:15.180993,sign,eric,27,28,0.08202352100826538,True,real_chat_usage,real_user
2025-09-22T10:53:15.455993,verify,alexandro,27,28,0.0017448101889338279,True,real_chat_usage,real_user
2025-09-22T10:54:15.180993,sign,carlos,28,29,0.07289372101558751,True,real_chat_usage,real_user
2025-09-22T10:54:15.764993,verify,eric,28,29,0.0008133157858266065,True,real_chat_usage,real_user
2025-09-22T10:54:15.909993,verify,alexandro,28,29,0.0008133157858266065,True,real_chat_usage,real_user
2025-09-22T11:15:15.180993,sign,alexandro,27,28,0.0742665953099934,True,real_chat_usage,real_user
2025-09-22T11:15:15.682993,verify,carlos,27,28,0.0016969168914923829,True,real_chat_usage,real_user
2025-09-22T11:15:15.605993,verify,eric,27,28,0.0016969168914923829,True,real_chat_usage,real_user
2025-09-22T11:29:15.180993,sign,carlos,25,26,0.10008096404633951,True,real_chat_usage,real_user
2025-09-22T11:29:15.485993,verify,eric,25,26,0.0013173291785210954,True,real_chat_usage,real_user
2025-09-22T11:29:16.174993,verify,alexandro,25,26,0.0013173291785210954,True,real_chat_usage,real_user
2025-09-22T10:45:15.180993,sign,alexandro,17,17,0.04068245536100741,True,real_chat_usage,real_user
2025-09-22T10:45:16.176993,verify,carlos,17,17,0.001249091058354751,True,real_chat_usage,real_user
2025-09-22T10:45:15.593993,verify,eric,17,17,0.001249091058354751,True,real_chat_usage,real_user
2025-09-22T10:50:15.180993,sign,carlos,16,17,0.06108901534877709,True,real_chat_usage,real_user
2025-09-22T10:50:15.810993,verify,eric,16,17,0.0008255594322339947,True,real_chat_usage,real_user
2025-09-22T10:50:15.306993,verify,alexandro,16,17,0.0008255594322339947,True,real_chat_usage,real_user
2025-09-22T10:55:15.180993,sign,carlos,15,15,0.05989952740994483,True,real_chat_usage,real_user
2025-09-22T10:55:15.924993,verify,eric,15,15,0.001567457650695707,True,real_chat_usage,real_user
2025-09-22T10:55:15.977993,verify,alexandro,15,15,0.001567457650695707,True,real_chat_usage,real_user
2025-09-22T10:48:15.180993,sign,carlos,16,17,0.06088657175519303,True,real_chat_usage,real_user
2025-09-22T10:48:15.677993,verify,eric,16,17,0.0012404355169181448,True,real_chat_usage,real_user
2025-09-22T10:48:15.896993,verify,alexandro,16,17,0.0012404355169181448,True,real_chat_usage,real_user
2025-09-22T10:53:15.180993,sign,carlos,17,19,0.09623395808268659,True,real_chat_usage,real_user
2025-09-22T10:53:15.980993,verify,eric,17,19,0.0014692444925398073,True,real_chat_usage,real_user
2025-09-22T10:53:15.574993,verify,alexandro,17,19,0.0014692444925398073,True,real_chat_usage,real_user
2025-09-22T11:00:15.180993,sign,eric,16,16,0.04492415609731519,True,real_chat_usage,real_user
2025-09-22T11:00:15.404993,verify,carlos,16,16,0.0019955178454338636,True,real_chat_usage,real_user
2025-09-22T11:00:16.013993,verify,alexandro,16,16,0.0019955178454338636,True,real_chat_usage,real_user
2025-09-22T11:09:15.180993,sign,eric,36,37,0.07904692564435437,True,real_chat_usage,real_user
2025-09-22T11:09:15.379993,verify,carlos,36,37,0.0009145047456943028,True,real_chat_usage,real_user
2025-09-22T11:09:16.107993,verify,alexandro,36,37,0.0009145047456943028,True,real_chat_usage,real_user
2025-09-22T11:06:15.180993,sign,eric,54,57,0.08120461886802652,True,real_chat_usage,real_user
2025-09-22T11:06:16.074993,verify,carlos,54,57,0.0010215449926248084,True,real_chat_usage,real_user
2025-09-22T11:06:16.003993,verify,alexandro,54,57,0.0010215449926248084,True,real_chat_usage,real_user
2025-09-22T11:09:15.180993,sign,eric,32,34,0.09865195973541849,True,real_chat_usage,real_user
2025-09-22T11:09:15.509993,verify,carlos,32,34,0.0007359714982754794,True,real_chat_usage,real_user
2025-09-22T10:54:15.180993,sign,eric,25,26,0.08040483437004134,True,real_chat_usage,real_user
2025-09-22T10:54:15.533993,verify,carlos,25,26,0.0009653466268503641,True,real_chat_usage,real_user
2025-09-22T11:05:15.180993,sign,carlos,21,21,0.10157268005592002,True,real_chat_usage,real_user
2025-09-22T11:05:15.611993,verify,alexandro,21,21,0.0010733997736231426,True,real_chat_usage,real_user
2025-09-22T11:18:15.180993,sign,carlos,11,13,0.06025979662501182,True,real_chat_usage,real_user
2025-09-22T11:18:15.540993,verify,eric,11,13,0.0006639344440433689,True,real_chat_usage,real_user
2025-09-22T11:18:15.660993,verify,alexandro,11,13,0.0006639344440433689,True,real_chat_usage,real_user
2025-09-22T11:45:15.180993,sign,eric,16,17,0.06525050499299738,True,real_chat_usage,real_user
2025-09-22T11:45:15.510993,verify,carlos,16,17,0.0013875653522154802,True,real_chat_usage,real_user
2025-09-22T11:11:15.180993,sign,carlos,57,60,0.1327573026362447,True,real_chat_usage,real_user
2025-09-22T11:11:16.083993,verify,alexandro,57,60,0.0014012276270322344,True,real_chat_usage,real_user
2025-09-22T11:41:15.180993,sign,alexandro,41,43,0.13053083327145953,True,real_chat_usage,real_user
2025-09-22T11:41:15.303993,verify,eric,41,43,0.000519055616917444,True,real_chat_usage,real_user
2025-09-22T11:45:15.180993,sign,alexandro,16,17,0.06725364101840725,True,real_chat_usage,real_user
2025-09-22T11:45:15.303993,verify,carlos,16,17,0.0016515466541003213,True,real_chat_usage,real_user
2025-09-22T11:47:15.180993,sign,eric,42,44,0.06694983537941789,True,real_chat_usage,real_user
2025-09-22T11:47:15.450993,verify,carlos,42,44,0.001965602571661067,True,real_chat_usage,real_user
2025-09-22T11:47:15.939993,verify,alexandro,42,44,0.001965602571661067,True,real_chat_usage,real_user
2025-09-22T11:49:15.180993,sign,carlos,16,16,0.08864772908960623,True,real_chat_usage,real_user
2025-09-22T11:49:15.547993,verify,eric,16,16,0.0006051714000421555,True,real_chat_usage,real_user
2025-09-22T11:54:15.180993,sign,alexandro,23,25,0.08890293469024994,True,real_chat_usage,real_user
2025-09-22T11:54:15.702993,verify,carlos,23,25,0.0017518918785150576,True,real_chat_usage,real_user
2025-09-22T11:54:15.631993,verify,eric,23,25,0.0017518918785150576,True,real_chat_usage,real_user
2025-09-22T12:01:15.180993,sign,carlos,33,34,0.07825842044013367,True,real_chat_usage,real_user
2025-09-22T12:01:16.060993,verify,eric,33,34,0.0016446095796007936,True,real_chat_usage,real_user
2025-09-22T12:01:15.420993,verify,alexandro,33,34,0.0016446095796007936,True,real_chat_usage,real_user
2025-09-22T11:55:15.180993,sign,eric,9,9,0.05199426752286073,True,real_chat_usage,real_user
2025-09-22T11:55:15.904993,verify,carlos,9,9,0.0014150763368156083,True,real_chat_usage,real_user
2025-09-22T11:55:16.002993,verify,alexandro,9,9,0.0014150763368156083,True,real_chat_usage,real_user
2025-09-22T12:15:15.180993,sign,eric,16,16,0.0725999232014697,True,real_chat_usage,real_user
2025-09-22T12:15:15.709993,verify,carlos,16,16,0.0005976788535722733,True,real_chat_usage,real_user
2025-09-22T12:15:15.542993,verify,alexandro,16,16,0.0005976788535722733,True,real_chat_usage,real_user
2025-09-22T11:52:15.180993,sign,alexandro,23,25,0.11462273647767074,True,real_chat_usage,real_user
2025-09-22T11:52:15.535993,verify,carlos,23,25,0.0010819822727404522,True,real_chat_usage,real_user
